<?xml version="1.0" encoding="UTF-8"?>
<configurationDescriptor version="84">
  <logicalFolder name="root" displayName="root" projectFiles="true" kind="ROOT">
    <logicalFolder name="HeaderFiles"
                   displayName="Header Files"
                   projectFiles="true">
      <itemPath>FastAlgorithm.h</itemPath>
      <itemPath>FinitePulse.h</itemPath>
      <itemPath>Massey.h</itemPath>
      <itemPath>TabulatedFastAlgorithm.h</itemPath>
      <itemPath>TabulatedMainLoop.h</itemPath>
      <itemPath>TimeOffsetEstimator.h</itemPath>
      <itemPath>Util.h</itemPath>
    </logicalFolder>
    <logicalFolder name="ResourceFiles"
                   displayName="Resource Files"
                   projectFiles="true">
    </logicalFolder>
    <logicalFolder name="SourceFiles"
                   displayName="Source Files"
                   projectFiles="true">
    </logicalFolder>
    <logicalFolder name="TestFiles"
                   displayName="Test Files"
                   projectFiles="false"
                   kind="TEST_LOGICAL_FOLDER">
      <logicalFolder name="f6"
                     displayName="BrentTest"
                     projectFiles="true"
                     kind="TEST">
        <itemPath>tests/BrentTest.cpp</itemPath>
      </logicalFolder>
      <logicalFolder name="f4"
                     displayName="DirectTest"
                     projectFiles="true"
                     kind="TEST">
        <itemPath>tests/DirectTest.cpp</itemPath>
      </logicalFolder>
      <logicalFolder name="f1"
                     displayName="FinitePulseTest"
                     projectFiles="true"
                     kind="TEST">
        <itemPath>tests/FinitePulseTest.cpp</itemPath>
      </logicalFolder>
      <logicalFolder name="f7"
                     displayName="MasseyTest"
                     projectFiles="true"
                     kind="TEST">
        <itemPath>tests/MasseyTest.cpp</itemPath>
      </logicalFolder>
      <logicalFolder name="f3"
                     displayName="NaiveTest"
                     projectFiles="true"
                     kind="TEST">
        <itemPath>tests/NaiveTest.cpp</itemPath>
      </logicalFolder>
      <logicalFolder name="f8"
                     displayName="PilotOnlyTest"
                     projectFiles="true"
                     kind="TEST">
        <itemPath>tests/PilotOnlyTest.cpp</itemPath>
      </logicalFolder>
      <logicalFolder name="f5"
                     displayName="RecursiveTest"
                     projectFiles="true"
                     kind="TEST">
        <itemPath>tests/RecursiveTest.cpp</itemPath>
      </logicalFolder>
      <logicalFolder name="f2" displayName="UtilTest" projectFiles="true" kind="TEST">
        <itemPath>tests/UtilTest.cpp</itemPath>
      </logicalFolder>
    </logicalFolder>
    <logicalFolder name="ExternalFiles"
                   displayName="Important Files"
                   projectFiles="false"
                   kind="IMPORTANT_FILES_FOLDER">
      <itemPath>Makefile</itemPath>
    </logicalFolder>
  </logicalFolder>
  <projectmakefile>Makefile</projectmakefile>
  <confs>
    <conf name="Debug" type="3">
      <toolsSet>
        <remote-sources-mode>LOCAL_SOURCES</remote-sources-mode>
        <compilerSet>default</compilerSet>
      </toolsSet>
      <compileType>
        <ccTool>
          <commandlineTool>g++</commandlineTool>
          <commandLine>-std=c++0x</commandLine>
        </ccTool>
        <archiverTool>
        </archiverTool>
      </compileType>
      <folder path="TestFiles/f1">
        <cTool>
          <incDir>
            <pElem>.</pElem>
          </incDir>
        </cTool>
        <ccTool>
          <incDir>
            <pElem>.</pElem>
          </incDir>
        </ccTool>
        <linkerTool>
          <output>${TESTDIR}/TestFiles/f1</output>
        </linkerTool>
      </folder>
      <folder path="TestFiles/f2">
        <cTool>
          <incDir>
            <pElem>.</pElem>
          </incDir>
        </cTool>
        <ccTool>
          <incDir>
            <pElem>.</pElem>
          </incDir>
        </ccTool>
        <linkerTool>
          <output>${TESTDIR}/TestFiles/f2</output>
        </linkerTool>
      </folder>
      <folder path="TestFiles/f3">
        <cTool>
          <incDir>
            <pElem>.</pElem>
          </incDir>
        </cTool>
        <ccTool>
          <incDir>
            <pElem>.</pElem>
          </incDir>
        </ccTool>
        <linkerTool>
          <output>${TESTDIR}/TestFiles/f3</output>
        </linkerTool>
      </folder>
      <folder path="TestFiles/f4">
        <cTool>
          <incDir>
            <pElem>.</pElem>
          </incDir>
        </cTool>
        <ccTool>
          <incDir>
            <pElem>.</pElem>
          </incDir>
        </ccTool>
        <linkerTool>
          <output>${TESTDIR}/TestFiles/f4</output>
        </linkerTool>
      </folder>
      <folder path="TestFiles/f5">
        <cTool>
          <incDir>
            <pElem>.</pElem>
          </incDir>
        </cTool>
        <ccTool>
          <incDir>
            <pElem>.</pElem>
          </incDir>
        </ccTool>
        <linkerTool>
          <output>${TESTDIR}/TestFiles/f5</output>
        </linkerTool>
      </folder>
      <folder path="TestFiles/f6">
        <cTool>
          <incDir>
            <pElem>.</pElem>
          </incDir>
        </cTool>
        <ccTool>
          <incDir>
            <pElem>.</pElem>
          </incDir>
        </ccTool>
        <linkerTool>
          <output>${TESTDIR}/TestFiles/f6</output>
        </linkerTool>
      </folder>
      <folder path="TestFiles/f7">
        <cTool>
          <incDir>
            <pElem>.</pElem>
          </incDir>
        </cTool>
        <ccTool>
          <incDir>
            <pElem>.</pElem>
          </incDir>
        </ccTool>
        <linkerTool>
          <output>${TESTDIR}/TestFiles/f7</output>
        </linkerTool>
      </folder>
      <folder path="TestFiles/f8">
        <cTool>
          <incDir>
            <pElem>.</pElem>
          </incDir>
        </cTool>
        <ccTool>
          <incDir>
            <pElem>.</pElem>
          </incDir>
        </ccTool>
        <linkerTool>
          <output>${TESTDIR}/TestFiles/f8</output>
        </linkerTool>
      </folder>
      <folder path="TestFiles/f9">
        <cTool>
          <incDir>
            <pElem>.</pElem>
            <pElem>.</pElem>
          </incDir>
        </cTool>
        <ccTool>
          <incDir>
            <pElem>.</pElem>
            <pElem>.</pElem>
          </incDir>
        </ccTool>
        <linkerTool>
          <output>${TESTDIR}/TestFiles/f9</output>
        </linkerTool>
      </folder>
    </conf>
    <conf name="Release" type="3">
      <toolsSet>
        <remote-sources-mode>LOCAL_SOURCES</remote-sources-mode>
        <compilerSet>default</compilerSet>
      </toolsSet>
      <compileType>
        <cTool>
          <developmentMode>5</developmentMode>
        </cTool>
        <ccTool>
          <developmentMode>6</developmentMode>
          <commandLine>-std=c++0x -Ofast</commandLine>
        </ccTool>
        <fortranCompilerTool>
          <developmentMode>5</developmentMode>
        </fortranCompilerTool>
        <asmTool>
          <developmentMode>5</developmentMode>
        </asmTool>
        <archiverTool>
        </archiverTool>
      </compileType>
    </conf>
  </confs>
</configurationDescriptor>
